solar_field_id,device_id,device_name,date,energy_kwh
SF-001,SF-001-INV-01,Inverter 01,2026-07-01,2465.3
SF-001,SF-001-INV-01,Inverter 01,2026-07-02,2687.1
SF-001,SF-001-INV-01,Inverter 01,2026-07-03,2540.3
SF-001,SF-001-INV-01,Inverter 01,2026-07-04,2596.3
SF-001,SF-001-INV-01,Inverter 01,2026-07-05,2574.4
SF-001,SF-001-INV-01,Inverter 01,2026-07-06,2787.0
SF-001,SF-001-INV-01,Inverter 01,2026-07-07,2591.9
SF-001,SF-001-INV-01,Inverter 01,2026-07-08,2731.1
SF-001,SF-001-INV-01,Inverter 01,2026-07-09,2492.0
SF-001,SF-001-INV-01,Inverter 01,2026-07-10,2750.8
SF-001,SF-001-INV-01,Inverter 01,2026-07-11,2627.8
SF-001,SF-001-INV-01,Inverter 01,2026-07-12,2587.2
SF-001,SF-001-INV-01,Inverter 01,2026-07-13,2551.4
SF-001,SF-001-INV-01,Inverter 01,2026-07-14,2708.4
SF-001,SF-001-INV-01,Inverter 01,2026-07-15,2830.2
SF-001,SF-001-INV-01,Inverter 01,2026-07-16,2637.4
SF-001,SF-001-INV-01,Inverter 01,2026-07-17,2783.4
SF-001,SF-001-INV-01,Inverter 01,2026-07-18,2660.3
SF-001,SF-001-INV-01,Inverter 01,2026-07-19,2764.3
SF-001,SF-001-INV-01,Inverter 01,2026-07-20,2801.6
SF-001,SF-001-INV-01,Inverter 01,2026-07-21,2850.5
SF-001,SF-001-INV-01,Inverter 01,2026-07-22,2532.3
SF-001,SF-001-INV-01,Inverter 01,2026-07-23,2718.4
SF-001,SF-001-INV-01,Inverter 01,2026-07-24,2647.2
SF-001,SF-001-INV-01,Inverter 01,2026-07-25,3021.2
SF-001,SF-001-INV-01,Inverter 01,2026-07-26,2795.2
SF-001,SF-001-INV-01,Inverter 01,2026-07-27,2858.4
SF-001,SF-001-INV-01,Inverter 01,2026-07-28,2845.7
SF-001,SF-001-INV-01,Inverter 01,2026-07-29,1912.2
SF-001,SF-001-INV-01,Inverter 01,2026-07-30,2918.9
SF-001,SF-001-INV-01,Inverter 01,2026-07-31,2582.5
SF-001,SF-001-INV-02,Inverter 02,2026-07-01,2386.7
SF-001,SF-001-INV-02,Inverter 02,2026-07-02,2618.7
SF-001,SF-001-INV-02,Inverter 02,2026-07-03,2468.0
SF-001,SF-001-INV-02,Inverter 02,2026-07-04,2526.4
SF-001,SF-001-INV-02,Inverter 02,2026-07-05,2504.2
SF-001,SF-001-INV-02,Inverter 02,2026-07-06,2730.5
SF-001,SF-001-INV-02,Inverter 02,2026-07-07,2531.8
SF-001,SF-001-INV-02,Inverter 02,2026-07-08,2655.1
SF-001,SF-001-INV-02,Inverter 02,2026-07-09,2410.9
SF-001,SF-001-INV-02,Inverter 02,2026-07-10,2661.7
SF-001,SF-001-INV-02,Inverter 02,2026-07-11,2539.5
SF-001,SF-001-INV-02,Inverter 02,2026-07-12,2509.6
SF-001,SF-001-INV-02,Inverter 02,2026-07-13,2502.7
SF-001,SF-001-INV-02,Inverter 02,2026-07-14,2627.0
SF-001,SF-001-INV-02,Inverter 02,2026-07-15,2740.0
SF-001,SF-001-INV-02,Inverter 02,2026-07-16,2561.7
SF-001,SF-001-INV-02,Inverter 02,2026-07-17,2717.1
SF-001,SF-001-INV-02,Inverter 02,2026-07-18,2598.4
SF-001,SF-001-INV-02,Inverter 02,2026-07-19,2659.9
SF-001,SF-001-INV-02,Inverter 02,2026-07-20,2734.3
SF-001,SF-001-INV-02,Inverter 02,2026-07-21,2778.9
SF-001,SF-001-INV-02,Inverter 02,2026-07-22,2465.1
SF-001,SF-001-INV-02,Inverter 02,2026-07-23,2639.7
SF-001,SF-001-INV-02,Inverter 02,2026-07-24,2548.7
SF-001,SF-001-INV-02,Inverter 02,2026-07-25,2945.5
SF-001,SF-001-INV-02,Inverter 02,2026-07-26,2696.4
SF-001,SF-001-INV-02,Inverter 02,2026-07-27,2765.7
SF-001,SF-001-INV-02,Inverter 02,2026-07-28,2767.2
SF-001,SF-001-INV-02,Inverter 02,2026-07-29,1857.5
SF-001,SF-001-INV-02,Inverter 02,2026-07-30,2827.1
SF-001,SF-001-INV-02,Inverter 02,2026-07-31,2511.1
SF-001,SF-001-INV-03,Inverter 03,2026-07-01,2445.3
SF-001,SF-001-INV-03,Inverter 03,2026-07-02,2672.9
SF-001,SF-001-INV-03,Inverter 03,2026-07-03,2517.8
SF-001,SF-001-INV-03,Inverter 03,2026-07-04,2593.0
SF-001,SF-001-INV-03,Inverter 03,2026-07-05,2554.2
SF-001,SF-001-INV-03,Inverter 03,2026-07-06,2763.5
SF-001,SF-001-INV-03,Inverter 03,2026-07-07,2578.6
SF-001,SF-001-INV-03,Inverter 03,2026-07-08,2705.0
SF-001,SF-001-INV-03,Inverter 03,2026-07-09,2466.1
SF-001,SF-001-INV-03,Inverter 03,2026-07-10,2720.3
SF-001,SF-001-INV-03,Inverter 03,2026-07-11,2595.4
SF-001,SF-001-INV-03,Inverter 03,2026-07-12,2572.9
SF-001,SF-001-INV-03,Inverter 03,2026-07-13,2555.1
SF-001,SF-001-INV-03,Inverter 03,2026-07-14,2687.7
SF-001,SF-001-INV-03,Inverter 03,2026-07-15,2809.1
SF-001,SF-001-INV-03,Inverter 03,2026-07-16,2629.1
SF-001,SF-001-INV-03,Inverter 03,2026-07-17,2779.7
SF-001,SF-001-INV-03,Inverter 03,2026-07-18,2649.3
SF-001,SF-001-INV-03,Inverter 03,2026-07-19,2743.7
SF-001,SF-001-INV-03,Inverter 03,2026-07-20,2797.6
SF-001,SF-001-INV-03,Inverter 03,2026-07-21,2838.0
SF-001,SF-001-INV-03,Inverter 03,2026-07-22,2538.9
SF-001,SF-001-INV-03,Inverter 03,2026-07-23,2699.6
SF-001,SF-001-INV-03,Inverter 03,2026-07-24,2661.4
SF-001,SF-001-INV-03,Inverter 03,2026-07-25,3012.3
SF-001,SF-001-INV-03,Inverter 03,2026-07-26,2790.2
SF-001,SF-001-INV-03,Inverter 03,2026-07-27,2838.4
SF-001,SF-001-INV-03,Inverter 03,2026-07-28,2825.9
SF-001,SF-001-INV-03,Inverter 03,2026-07-29,1907.4
SF-001,SF-001-INV-03,Inverter 03,2026-07-30,2895.6
SF-001,SF-001-INV-03,Inverter 03,2026-07-31,2587.3
SF-001,SF-001-INV-04,Inverter 04,2026-07-01,2398.5
SF-001,SF-001-INV-04,Inverter 04,2026-07-02,2646.2
SF-001,SF-001-INV-04,Inverter 04,2026-07-03,2472.4
SF-001,SF-001-INV-04,Inverter 04,2026-07-04,2545.1
SF-001,SF-001-INV-04,Inverter 04,2026-07-05,2532.5
SF-001,SF-001-INV-04,Inverter 04,2026-07-06,2740.9
SF-001,SF-001-INV-04,Inverter 04,2026-07-07,2544.9
SF-001,SF-001-INV-04,Inverter 04,2026-07-08,2658.4
SF-001,SF-001-INV-04,Inverter 04,2026-07-09,2417.9
SF-001,SF-001-INV-04,Inverter 04,2026-07-10,2669.2
SF-001,SF-001-INV-04,Inverter 04,2026-07-11,2562.0
SF-001,SF-001-INV-04,Inverter 04,2026-07-12,2533.3
SF-001,SF-001-INV-04,Inverter 04,2026-07-13,2511.3
SF-001,SF-001-INV-04,Inverter 04,2026-07-14,2633.1
SF-001,SF-001-INV-04,Inverter 04,2026-07-15,2783.6
SF-001,SF-001-INV-04,Inverter 04,2026-07-16,2575.1
SF-001,SF-001-INV-04,Inverter 04,2026-07-17,2744.1
SF-001,SF-001-INV-04,Inverter 04,2026-07-18,2594.5
SF-001,SF-001-INV-04,Inverter 04,2026-07-19,2699.1
SF-001,SF-001-INV-04,Inverter 04,2026-07-20,2744.5
SF-001,SF-001-INV-04,Inverter 04,2026-07-21,2797.0
SF-001,SF-001-INV-04,Inverter 04,2026-07-22,2501.3
SF-001,SF-001-INV-04,Inverter 04,2026-07-23,2649.6
SF-001,SF-001-INV-04,Inverter 04,2026-07-24,2579.5
SF-001,SF-001-INV-04,Inverter 04,2026-07-25,2974.2
SF-001,SF-001-INV-04,Inverter 04,2026-07-26,2745.5
SF-001,SF-001-INV-04,Inverter 04,2026-07-27,2805.1
SF-001,SF-001-INV-04,Inverter 04,2026-07-28,2793.0
SF-001,SF-001-INV-04,Inverter 04,2026-07-29,1877.8
SF-001,SF-001-INV-04,Inverter 04,2026-07-30,2860.7
SF-001,SF-001-INV-04,Inverter 04,2026-07-31,2531.8
SF-001,SF-001-INV-05,Inverter 05,2026-07-01,1666.8
SF-001,SF-001-INV-05,Inverter 05,2026-07-02,1813.0
SF-001,SF-001-INV-05,Inverter 05,2026-07-03,1700.9
SF-001,SF-001-INV-05,Inverter 05,2026-07-04,1746.9
SF-001,SF-001-INV-05,Inverter 05,2026-07-05,1734.2
SF-001,SF-001-INV-05,Inverter 05,2026-07-06,1874.1
SF-001,SF-001-INV-05,Inverter 05,2026-07-07,1737.6
SF-001,SF-001-INV-05,Inverter 05,2026-07-08,1839.2
SF-001,SF-001-INV-05,Inverter 05,2026-07-09,1663.2
SF-001,SF-001-INV-05,Inverter 05,2026-07-10,1848.0
SF-001,SF-001-INV-05,Inverter 05,2026-07-11,1768.9
SF-001,SF-001-INV-05,Inverter 05,2026-07-12,1748.4
SF-001,SF-001-INV-05,Inverter 05,2026-07-13,1718.2
SF-001,SF-001-INV-05,Inverter 05,2026-07-14,1828.3
SF-001,SF-001-INV-05,Inverter 05,2026-07-15,1901.8
SF-001,SF-001-INV-05,Inverter 05,2026-07-16,1785.7
SF-001,SF-001-INV-05,Inverter 05,2026-07-17,1870.6
SF-001,SF-001-INV-05,Inverter 05,2026-07-18,1783.1
SF-001,SF-001-INV-05,Inverter 05,2026-07-19,1842.1
SF-001,SF-001-INV-05,Inverter 05,2026-07-20,1887.2
SF-001,SF-001-INV-05,Inverter 05,2026-07-21,1934.8
SF-001,SF-001-INV-05,Inverter 05,2026-07-22,1701.0
SF-001,SF-001-INV-05,Inverter 05,2026-07-23,1819.2
SF-001,SF-001-INV-05,Inverter 05,2026-07-24,1757.9
SF-001,SF-001-INV-05,Inverter 05,2026-07-25,2038.7
SF-001,SF-001-INV-05,Inverter 05,2026-07-26,1881.8
SF-001,SF-001-INV-05,Inverter 05,2026-07-27,1918.3
SF-001,SF-001-INV-05,Inverter 05,2026-07-28,1919.4
SF-001,SF-001-INV-05,Inverter 05,2026-07-29,1291.4
SF-001,SF-001-INV-05,Inverter 05,2026-07-30,1950.9
SF-001,SF-001-INV-05,Inverter 05,2026-07-31,1730.7
SF-001,SF-001-INV-06,Inverter 06,2026-07-01,2374.6
SF-001,SF-001-INV-06,Inverter 06,2026-07-02,2599.3
SF-001,SF-001-INV-06,Inverter 06,2026-07-03,2455.2
SF-001,SF-001-INV-06,Inverter 06,2026-07-04,2495.5
SF-001,SF-001-INV-06,Inverter 06,2026-07-05,2492.4
SF-001,SF-001-INV-06,Inverter 06,2026-07-06,2717.9
SF-001,SF-001-INV-06,Inverter 06,2026-07-07,2498.0
SF-001,SF-001-INV-06,Inverter 06,2026-07-08,2633.8
SF-001,SF-001-INV-06,Inverter 06,2026-07-09,2398.6
SF-001,SF-001-INV-06,Inverter 06,2026-07-10,2658.5
SF-001,SF-001-INV-06,Inverter 06,2026-07-11,2521.0
SF-001,SF-001-INV-06,Inverter 06,2026-07-12,2514.4
SF-001,SF-001-INV-06,Inverter 06,2026-07-13,2465.0
SF-001,SF-001-INV-06,Inverter 06,2026-07-14,2602.3
SF-001,SF-001-INV-06,Inverter 06,2026-07-15,2722.5
SF-001,SF-001-INV-06,Inverter 06,2026-07-16,2559.5
SF-001,SF-001-INV-06,Inverter 06,2026-07-17,2711.4
SF-001,SF-001-INV-06,Inverter 06,2026-07-18,2561.1
SF-001,SF-001-INV-06,Inverter 06,2026-07-19,2670.6
SF-001,SF-001-INV-06,Inverter 06,2026-07-20,2718.3
SF-001,SF-001-INV-06,Inverter 06,2026-07-21,2763.0
SF-001,SF-001-INV-06,Inverter 06,2026-07-22,2457.0
SF-001,SF-001-INV-06,Inverter 06,2026-07-23,2626.4
SF-001,SF-001-INV-06,Inverter 06,2026-07-24,2542.3
SF-001,SF-001-INV-06,Inverter 06,2026-07-25,2928.3
SF-001,SF-001-INV-06,Inverter 06,2026-07-26,2704.1
SF-001,SF-001-INV-06,Inverter 06,2026-07-27,2753.4
SF-001,SF-001-INV-06,Inverter 06,2026-07-28,2749.4
SF-001,SF-001-INV-06,Inverter 06,2026-07-29,1849.6
SF-001,SF-001-INV-06,Inverter 06,2026-07-30,2795.6
SF-001,SF-001-INV-06,Inverter 06,2026-07-31,2501.6
SF-001,SF-001-INV-07,Inverter 07,2026-07-01,2334.4
SF-001,SF-001-INV-07,Inverter 07,2026-07-02,2562.5
SF-001,SF-001-INV-07,Inverter 07,2026-07-03,2434.4
SF-001,SF-001-INV-07,Inverter 07,2026-07-04,2480.5
SF-001,SF-001-INV-07,Inverter 07,2026-07-05,2462.3
SF-001,SF-001-INV-07,Inverter 07,2026-07-06,2669.9
SF-001,SF-001-INV-07,Inverter 07,2026-07-07,2473.0
SF-001,SF-001-INV-07,Inverter 07,2026-07-08,2616.5
SF-001,SF-001-INV-07,Inverter 07,2026-07-09,2381.5
SF-001,SF-001-INV-07,Inverter 07,2026-07-10,2611.4
SF-001,SF-001-INV-07,Inverter 07,2026-07-11,2502.4
SF-001,SF-001-INV-07,Inverter 07,2026-07-12,2490.4
SF-001,SF-001-INV-07,Inverter 07,2026-07-13,2454.2
SF-001,SF-001-INV-07,Inverter 07,2026-07-14,2586.8
SF-001,SF-001-INV-07,Inverter 07,2026-07-15,2704.5
SF-001,SF-001-INV-07,Inverter 07,2026-07-16,2520.8
SF-001,SF-001-INV-07,Inverter 07,2026-07-17,2672.9
SF-001,SF-001-INV-07,Inverter 07,2026-07-18,2541.9
SF-001,SF-001-INV-07,Inverter 07,2026-07-19,2635.9
SF-001,SF-001-INV-07,Inverter 07,2026-07-20,2678.1
SF-001,SF-001-INV-07,Inverter 07,2026-07-21,2723.1
SF-001,SF-001-INV-07,Inverter 07,2026-07-22,2428.7
SF-001,SF-001-INV-07,Inverter 07,2026-07-23,2598.9
SF-001,SF-001-INV-07,Inverter 07,2026-07-24,2530.0
SF-001,SF-001-INV-07,Inverter 07,2026-07-25,2892.3
SF-001,SF-001-INV-07,Inverter 07,2026-07-26,2659.0
SF-001,SF-001-INV-07,Inverter 07,2026-07-27,2721.5
SF-001,SF-001-INV-07,Inverter 07,2026-07-28,2720.4
SF-001,SF-001-INV-07,Inverter 07,2026-07-29,1830.7
SF-001,SF-001-INV-07,Inverter 07,2026-07-30,2800.3
SF-001,SF-001-INV-07,Inverter 07,2026-07-31,2474.6
SF-001,SF-001-INV-08,Inverter 08,2026-07-01,2484.1
SF-001,SF-001-INV-08,Inverter 08,2026-07-02,2732.3
SF-001,SF-001-INV-08,Inverter 08,2026-07-03,2572.2
SF-001,SF-001-INV-08,Inverter 08,2026-07-04,2627.3
SF-001,SF-001-INV-08,Inverter 08,2026-07-05,2615.1
SF-001,SF-001-INV-08,Inverter 08,2026-07-06,2838.0
SF-001,SF-001-INV-08,Inverter 08,2026-07-07,2614.1
SF-001,SF-001-INV-08,Inverter 08,2026-07-08,2765.0
SF-001,SF-001-INV-08,Inverter 08,2026-07-09,2501.3
SF-001,SF-001-INV-08,Inverter 08,2026-07-10,2761.6
SF-001,SF-001-INV-08,Inverter 08,2026-07-11,2642.4
SF-001,SF-001-INV-08,Inverter 08,2026-07-12,2626.9
SF-001,SF-001-INV-08,Inverter 08,2026-07-13,2591.9
SF-001,SF-001-INV-08,Inverter 08,2026-07-14,2716.5
SF-001,SF-001-INV-08,Inverter 08,2026-07-15,2875.1
SF-001,SF-001-INV-08,Inverter 08,2026-07-16,2671.0
SF-001,SF-001-INV-08,Inverter 08,2026-07-17,2823.2
SF-001,SF-001-INV-08,Inverter 08,2026-07-18,2666.4
SF-001,SF-001-INV-08,Inverter 08,2026-07-19,2799.3
SF-001,SF-001-INV-08,Inverter 08,2026-07-20,2851.3
SF-001,SF-001-INV-08,Inverter 08,2026-07-21,2872.1
SF-001,SF-001-INV-08,Inverter 08,2026-07-22,2567.1
SF-001,SF-001-INV-08,Inverter 08,2026-07-23,2740.7
SF-001,SF-001-INV-08,Inverter 08,2026-07-24,2655.3
SF-001,SF-001-INV-08,Inverter 08,2026-07-25,3075.6
SF-001,SF-001-INV-08,Inverter 08,2026-07-26,2820.4
SF-001,SF-001-INV-08,Inverter 08,2026-07-27,2899.5
SF-001,SF-001-INV-08,Inverter 08,2026-07-28,2900.3
SF-001,SF-001-INV-08,Inverter 08,2026-07-29,1938.8
SF-001,SF-001-INV-08,Inverter 08,2026-07-30,2943.8
SF-001,SF-001-INV-08,Inverter 08,2026-07-31,2597.4
SF-002,SF-002-INV-01,Inverter 01,2026-07-01,2763.4
SF-002,SF-002-INV-01,Inverter 01,2026-07-02,2464.5
SF-002,SF-002-INV-01,Inverter 01,2026-07-03,2786.5
SF-002,SF-002-INV-01,Inverter 01,2026-07-04,2617.6
SF-002,SF-002-INV-01,Inverter 01,2026-07-05,2725.9
SF-002,SF-002-INV-01,Inverter 01,2026-07-06,2683.2
SF-002,SF-002-INV-01,Inverter 01,2026-07-07,2862.8
SF-002,SF-002-INV-01,Inverter 01,2026-07-08,2604.8
SF-002,SF-002-INV-01,Inverter 01,2026-07-09,2579.5
SF-002,SF-002-INV-01,Inverter 01,2026-07-10,2559.8
SF-002,SF-002-INV-01,Inverter 01,2026-07-11,2682.9
SF-002,SF-002-INV-01,Inverter 01,2026-07-12,2627.2
SF-002,SF-002-INV-01,Inverter 01,2026-07-13,2661.3
SF-002,SF-002-INV-01,Inverter 01,2026-07-14,2763.1
SF-002,SF-002-INV-01,Inverter 01,2026-07-15,2800.4
SF-002,SF-002-INV-01,Inverter 01,2026-07-16,2526.4
SF-002,SF-002-INV-01,Inverter 01,2026-07-17,2751.1
SF-002,SF-002-INV-01,Inverter 01,2026-07-18,2660.4
SF-002,SF-002-INV-01,Inverter 01,2026-07-19,2814.5
SF-002,SF-002-INV-01,Inverter 01,2026-07-20,2577.5
SF-002,SF-002-INV-01,Inverter 01,2026-07-21,2707.2
SF-002,SF-002-INV-01,Inverter 01,2026-07-22,2832.7
SF-002,SF-002-INV-01,Inverter 01,2026-07-23,2728.2
SF-002,SF-002-INV-01,Inverter 01,2026-07-24,2792.8
SF-002,SF-002-INV-01,Inverter 01,2026-07-25,2720.9
SF-002,SF-002-INV-01,Inverter 01,2026-07-26,2880.9
SF-002,SF-002-INV-01,Inverter 01,2026-07-27,2922.5
SF-002,SF-002-INV-01,Inverter 01,2026-07-28,3066.1
SF-002,SF-002-INV-01,Inverter 01,2026-07-29,2811.1
SF-002,SF-002-INV-01,Inverter 01,2026-07-30,2755.7
SF-002,SF-002-INV-01,Inverter 01,2026-07-31,2709.5
SF-002,SF-002-INV-02,Inverter 02,2026-07-01,2554.4
SF-002,SF-002-INV-02,Inverter 02,2026-07-02,2276.5
SF-002,SF-002-INV-02,Inverter 02,2026-07-03,2581.0
SF-002,SF-002-INV-02,Inverter 02,2026-07-04,2420.1
SF-002,SF-002-INV-02,Inverter 02,2026-07-05,2534.6
SF-002,SF-002-INV-02,Inverter 02,2026-07-06,2496.4
SF-002,SF-002-INV-02,Inverter 02,2026-07-07,2664.7
SF-002,SF-002-INV-02,Inverter 02,2026-07-08,2416.6
SF-002,SF-002-INV-02,Inverter 02,2026-07-09,2413.4
SF-002,SF-002-INV-02,Inverter 02,2026-07-10,2385.4
SF-002,SF-002-INV-02,Inverter 02,2026-07-11,2517.8
SF-002,SF-002-INV-02,Inverter 02,2026-07-12,2460.1
SF-002,SF-002-INV-02,Inverter 02,2026-07-13,2464.9
SF-002,SF-002-INV-02,Inverter 02,2026-07-14,2553.8
SF-002,SF-002-INV-02,Inverter 02,2026-07-15,2583.6
SF-002,SF-002-INV-02,Inverter 02,2026-07-16,2342.0
SF-002,SF-002-INV-02,Inverter 02,2026-07-17,2572.2
SF-002,SF-002-INV-02,Inverter 02,2026-07-18,2476.9
SF-002,SF-002-INV-02,Inverter 02,2026-07-19,2609.9
SF-002,SF-002-INV-02,Inverter 02,2026-07-20,2374.5
SF-002,SF-002-INV-02,Inverter 02,2026-07-21,2501.1
SF-002,SF-002-INV-02,Inverter 02,2026-07-22,2638.5
SF-002,SF-002-INV-02,Inverter 02,2026-07-23,2528.8
SF-002,SF-002-INV-02,Inverter 02,2026-07-24,2587.3
SF-002,SF-002-INV-02,Inverter 02,2026-07-25,2497.3
SF-002,SF-002-INV-02,Inverter 02,2026-07-26,2647.7
SF-002,SF-002-INV-02,Inverter 02,2026-07-27,2702.6
SF-002,SF-002-INV-02,Inverter 02,2026-07-28,2853.0
SF-002,SF-002-INV-02,Inverter 02,2026-07-29,2611.1
SF-002,SF-002-INV-02,Inverter 02,2026-07-30,2546.9
SF-002,SF-002-INV-02,Inverter 02,2026-07-31,2515.1
SF-002,SF-002-INV-03,Inverter 03,2026-07-01,2684.1
SF-002,SF-002-INV-03,Inverter 03,2026-07-02,2381.4
SF-002,SF-002-INV-03,Inverter 03,2026-07-03,2711.8
SF-002,SF-002-INV-03,Inverter 03,2026-07-04,2525.5
SF-002,SF-002-INV-03,Inverter 03,2026-07-05,2654.3
SF-002,SF-002-INV-03,Inverter 03,2026-07-06,2610.0
SF-002,SF-002-INV-03,Inverter 03,2026-07-07,2774.7
SF-002,SF-002-INV-03,Inverter 03,2026-07-08,2546.5
SF-002,SF-002-INV-03,Inverter 03,2026-07-09,2520.1
SF-002,SF-002-INV-03,Inverter 03,2026-07-10,2490.8
SF-002,SF-002-INV-03,Inverter 03,2026-07-11,2627.9
SF-002,SF-002-INV-03,Inverter 03,2026-07-12,2550.6
SF-002,SF-002-INV-03,Inverter 03,2026-07-13,2595.3
SF-002,SF-002-INV-03,Inverter 03,2026-07-14,2684.5
SF-002,SF-002-INV-03,Inverter 03,2026-07-15,2694.5
SF-002,SF-002-INV-03,Inverter 03,2026-07-16,2451.4
SF-002,SF-002-INV-03,Inverter 03,2026-07-17,2664.0
SF-002,SF-002-INV-03,Inverter 03,2026-07-18,2560.0
SF-002,SF-002-INV-03,Inverter 03,2026-07-19,2724.5
SF-002,SF-002-INV-03,Inverter 03,2026-07-20,2501.9
SF-002,SF-002-INV-03,Inverter 03,2026-07-21,2611.1
SF-002,SF-002-INV-03,Inverter 03,2026-07-22,2758.1
SF-002,SF-002-INV-03,Inverter 03,2026-07-23,2644.6
SF-002,SF-002-INV-03,Inverter 03,2026-07-24,2709.4
SF-002,SF-002-INV-03,Inverter 03,2026-07-25,2639.4
SF-002,SF-002-INV-03,Inverter 03,2026-07-26,2785.3
SF-002,SF-002-INV-03,Inverter 03,2026-07-27,2835.9
SF-002,SF-002-INV-03,Inverter 03,2026-07-28,2984.3
SF-002,SF-002-INV-03,Inverter 03,2026-07-29,2742.5
SF-002,SF-002-INV-03,Inverter 03,2026-07-30,2688.7
SF-002,SF-002-INV-03,Inverter 03,2026-07-31,2627.4
SF-002,SF-002-INV-04,Inverter 04,2026-07-01,2498.5
SF-002,SF-002-INV-04,Inverter 04,2026-07-02,2237.2
SF-002,SF-002-INV-04,Inverter 04,2026-07-03,2547.1
SF-002,SF-002-INV-04,Inverter 04,2026-07-04,2344.0
SF-002,SF-002-INV-04,Inverter 04,2026-07-05,2466.9
SF-002,SF-002-INV-04,Inverter 04,2026-07-06,2444.3
SF-002,SF-002-INV-04,Inverter 04,2026-07-07,2597.0
SF-002,SF-002-INV-04,Inverter 04,2026-07-08,2388.1
SF-002,SF-002-INV-04,Inverter 04,2026-07-09,2343.8
SF-002,SF-002-INV-04,Inverter 04,2026-07-10,2318.1
SF-002,SF-002-INV-04,Inverter 04,2026-07-11,2430.7
SF-002,SF-002-INV-04,Inverter 04,2026-07-12,2390.4
SF-002,SF-002-INV-04,Inverter 04,2026-07-13,2400.2
SF-002,SF-002-INV-04,Inverter 04,2026-07-14,2507.1
SF-002,SF-002-INV-04,Inverter 04,2026-07-15,2527.9
SF-002,SF-002-INV-04,Inverter 04,2026-07-16,2280.1
SF-002,SF-002-INV-04,Inverter 04,2026-07-17,2512.4
SF-002,SF-002-INV-04,Inverter 04,2026-07-18,2395.6
SF-002,SF-002-INV-04,Inverter 04,2026-07-19,2550.4
SF-002,SF-002-INV-04,Inverter 04,2026-07-20,2304.5
SF-002,SF-002-INV-04,Inverter 04,2026-07-21,2436.3
SF-002,SF-002-INV-04,Inverter 04,2026-07-22,2576.0
SF-002,SF-002-INV-04,Inverter 04,2026-07-23,2474.5
SF-002,SF-002-INV-04,Inverter 04,2026-07-24,2542.6
SF-002,SF-002-INV-04,Inverter 04,2026-07-25,2444.3
SF-002,SF-002-INV-04,Inverter 04,2026-07-26,2591.5
SF-002,SF-002-INV-04,Inverter 04,2026-07-27,2657.7
SF-002,SF-002-INV-04,Inverter 04,2026-07-28,2784.0
SF-002,SF-002-INV-04,Inverter 04,2026-07-29,2560.5
SF-002,SF-002-INV-04,Inverter 04,2026-07-30,2500.2
SF-002,SF-002-INV-04,Inverter 04,2026-07-31,2472.1
SF-002,SF-002-INV-05,Inverter 05,2026-07-01,2664.0
SF-002,SF-002-INV-05,Inverter 05,2026-07-02,2376.3
SF-002,SF-002-INV-05,Inverter 05,2026-07-03,2698.9
SF-002,SF-002-INV-05,Inverter 05,2026-07-04,2519.0
SF-002,SF-002-INV-05,Inverter 05,2026-07-05,2649.6
SF-002,SF-002-INV-05,Inverter 05,2026-07-06,2611.0
SF-002,SF-002-INV-05,Inverter 05,2026-07-07,2754.8
SF-002,SF-002-INV-05,Inverter 05,2026-07-08,2523.4
SF-002,SF-002-INV-05,Inverter 05,2026-07-09,2509.3
SF-002,SF-002-INV-05,Inverter 05,2026-07-10,2488.4
SF-002,SF-002-INV-05,Inverter 05,2026-07-11,2595.8
SF-002,SF-002-INV-05,Inverter 05,2026-07-12,2559.1
SF-002,SF-002-INV-05,Inverter 05,2026-07-13,2559.7
SF-002,SF-002-INV-05,Inverter 05,2026-07-14,2681.7
SF-002,SF-002-INV-05,Inverter 05,2026-07-15,2706.5
SF-002,SF-002-INV-05,Inverter 05,2026-07-16,2443.3
SF-002,SF-002-INV-05,Inverter 05,2026-07-17,2676.8
SF-002,SF-002-INV-05,Inverter 05,2026-07-18,2557.7
SF-002,SF-002-INV-05,Inverter 05,2026-07-19,2725.6
SF-002,SF-002-INV-05,Inverter 05,2026-07-20,2486.3
SF-002,SF-002-INV-05,Inverter 05,2026-07-21,2604.1
SF-002,SF-002-INV-05,Inverter 05,2026-07-22,2730.3
SF-002,SF-002-INV-05,Inverter 05,2026-07-23,2655.4
SF-002,SF-002-INV-05,Inverter 05,2026-07-24,2698.7
SF-002,SF-002-INV-05,Inverter 05,2026-07-25,2598.6
SF-002,SF-002-INV-05,Inverter 05,2026-07-26,2775.8
SF-002,SF-002-INV-05,Inverter 05,2026-07-27,2834.2
SF-002,SF-002-INV-05,Inverter 05,2026-07-28,2970.9
SF-002,SF-002-INV-05,Inverter 05,2026-07-29,2741.6
SF-002,SF-002-INV-05,Inverter 05,2026-07-30,2650.1
SF-002,SF-002-INV-05,Inverter 05,2026-07-31,2618.1
SF-003,SF-003-INV-01,Inverter 01,2026-07-01,2170.1
SF-003,SF-003-INV-01,Inverter 01,2026-07-02,2312.0
SF-003,SF-003-INV-01,Inverter 01,2026-07-03,2379.5
SF-003,SF-003-INV-01,Inverter 01,2026-07-04,2272.6
SF-003,SF-003-INV-01,Inverter 01,2026-07-05,2229.9
SF-003,SF-003-INV-01,Inverter 01,2026-07-06,2503.0
SF-003,SF-003-INV-01,Inverter 01,2026-07-07,2146.2
SF-003,SF-003-INV-01,Inverter 01,2026-07-08,2387.5
SF-003,SF-003-INV-01,Inverter 01,2026-07-09,2332.7
SF-003,SF-003-INV-01,Inverter 01,2026-07-10,2411.9
SF-003,SF-003-INV-01,Inverter 01,2026-07-11,2417.3
SF-003,SF-003-INV-01,Inverter 01,2026-07-12,2416.7
SF-003,SF-003-INV-01,Inverter 01,2026-07-13,2565.5
SF-003,SF-003-INV-01,Inverter 01,2026-07-14,2374.3
SF-003,SF-003-INV-01,Inverter 01,2026-07-15,2347.8
SF-003,SF-003-INV-01,Inverter 01,2026-07-16,2405.6
SF-003,SF-003-INV-01,Inverter 01,2026-07-17,2442.0
SF-003,SF-003-INV-01,Inverter 01,2026-07-18,2510.3
SF-003,SF-003-INV-01,Inverter 01,2026-07-19,2494.1
SF-003,SF-003-INV-01,Inverter 01,2026-07-20,2537.6
SF-003,SF-003-INV-01,Inverter 01,2026-07-21,2359.1
SF-003,SF-003-INV-01,Inverter 01,2026-07-22,2466.6
SF-003,SF-003-INV-01,Inverter 01,2026-07-23,2350.6
SF-003,SF-003-INV-01,Inverter 01,2026-07-24,2240.7
SF-003,SF-003-INV-01,Inverter 01,2026-07-25,2581.7
SF-003,SF-003-INV-01,Inverter 01,2026-07-26,2534.3
SF-003,SF-003-INV-01,Inverter 01,2026-07-27,2583.7
SF-003,SF-003-INV-01,Inverter 01,2026-07-28,2361.6
SF-003,SF-003-INV-01,Inverter 01,2026-07-29,2293.7
SF-003,SF-003-INV-01,Inverter 01,2026-07-30,2338.5
SF-003,SF-003-INV-01,Inverter 01,2026-07-31,2682.0
SF-003,SF-003-INV-02,Inverter 02,2026-07-01,2045.2
SF-003,SF-003-INV-02,Inverter 02,2026-07-02,2186.2
SF-003,SF-003-INV-02,Inverter 02,2026-07-03,2246.8
SF-003,SF-003-INV-02,Inverter 02,2026-07-04,2154.3
SF-003,SF-003-INV-02,Inverter 02,2026-07-05,2128.2
SF-003,SF-003-INV-02,Inverter 02,2026-07-06,2370.1
SF-003,SF-003-INV-02,Inverter 02,2026-07-07,2033.7
SF-003,SF-003-INV-02,Inverter 02,2026-07-08,2259.7
SF-003,SF-003-INV-02,Inverter 02,2026-07-09,2188.8
SF-003,SF-003-INV-02,Inverter 02,2026-07-10,2311.3
SF-003,SF-003-INV-02,Inverter 02,2026-07-11,2289.3
SF-003,SF-003-INV-02,Inverter 02,2026-07-12,2272.9
SF-003,SF-003-INV-02,Inverter 02,2026-07-13,2428.0
SF-003,SF-003-INV-02,Inverter 02,2026-07-14,2250.2
SF-003,SF-003-INV-02,Inverter 02,2026-07-15,2246.3
SF-003,SF-003-INV-02,Inverter 02,2026-07-16,2285.8
SF-003,SF-003-INV-02,Inverter 02,2026-07-17,2312.9
SF-003,SF-003-INV-02,Inverter 02,2026-07-18,2369.7
SF-003,SF-003-INV-02,Inverter 02,2026-07-19,2378.4
SF-003,SF-003-INV-02,Inverter 02,2026-07-20,2393.9
SF-003,SF-003-INV-02,Inverter 02,2026-07-21,2234.0
SF-003,SF-003-INV-02,Inverter 02,2026-07-22,2332.7
SF-003,SF-003-INV-02,Inverter 02,2026-07-23,2239.8
SF-003,SF-003-INV-02,Inverter 02,2026-07-24,2138.6
SF-003,SF-003-INV-02,Inverter 02,2026-07-25,2458.3
SF-003,SF-003-INV-02,Inverter 02,2026-07-26,2396.5
SF-003,SF-003-INV-02,Inverter 02,2026-07-27,2444.7
SF-003,SF-003-INV-02,Inverter 02,2026-07-28,2231.7
SF-003,SF-003-INV-02,Inverter 02,2026-07-29,2178.6
SF-003,SF-003-INV-02,Inverter 02,2026-07-30,2212.4
SF-003,SF-003-INV-02,Inverter 02,2026-07-31,2529.6
SF-003,SF-003-INV-03,Inverter 03,2026-07-01,2149.3
SF-003,SF-003-INV-03,Inverter 03,2026-07-02,2276.0
SF-003,SF-003-INV-03,Inverter 03,2026-07-03,2349.6
SF-003,SF-003-INV-03,Inverter 03,2026-07-04,2248.6
SF-003,SF-003-INV-03,Inverter 03,2026-07-05,2233.8
SF-003,SF-003-INV-03,Inverter 03,2026-07-06,2495.5
SF-003,SF-003-INV-03,Inverter 03,2026-07-07,2126.0
SF-003,SF-003-INV-03,Inverter 03,2026-07-08,2344.6
SF-003,SF-003-INV-03,Inverter 03,2026-07-09,2306.8
SF-003,SF-003-INV-03,Inverter 03,2026-07-10,0.0
SF-003,SF-003-INV-03,Inverter 03,2026-07-11,0.0
SF-003,SF-003-INV-03,Inverter 03,2026-07-12,0.0
SF-003,SF-003-INV-03,Inverter 03,2026-07-13,0.0
SF-003,SF-003-INV-03,Inverter 03,2026-07-14,0.0
SF-003,SF-003-INV-03,Inverter 03,2026-07-15,0.0
SF-003,SF-003-INV-03,Inverter 03,2026-07-16,0.0
SF-003,SF-003-INV-03,Inverter 03,2026-07-17,0.0
SF-003,SF-003-INV-03,Inverter 03,2026-07-18,0.0
SF-003,SF-003-INV-03,Inverter 03,2026-07-19,0.0
SF-003,SF-003-INV-03,Inverter 03,2026-07-20,0.0
SF-003,SF-003-INV-03,Inverter 03,2026-07-21,0.0
SF-003,SF-003-INV-03,Inverter 03,2026-07-22,0.0
SF-003,SF-003-INV-03,Inverter 03,2026-07-23,0.0
SF-003,SF-003-INV-03,Inverter 03,2026-07-24,0.0
SF-003,SF-003-INV-03,Inverter 03,2026-07-25,2560.2
SF-003,SF-003-INV-03,Inverter 03,2026-07-26,2514.9
SF-003,SF-003-INV-03,Inverter 03,2026-07-27,2556.0
SF-003,SF-003-INV-03,Inverter 03,2026-07-28,2348.4
SF-003,SF-003-INV-03,Inverter 03,2026-07-29,2252.6
SF-003,SF-003-INV-03,Inverter 03,2026-07-30,2312.1
SF-003,SF-003-INV-03,Inverter 03,2026-07-31,2660.9
SF-004,SF-004-INV-01,Inverter 01,2026-07-01,2831.1
SF-004,SF-004-INV-01,Inverter 01,2026-07-02,2688.5
SF-004,SF-004-INV-01,Inverter 01,2026-07-03,2494.4
SF-004,SF-004-INV-01,Inverter 01,2026-07-04,2680.9
SF-004,SF-004-INV-01,Inverter 01,2026-07-05,2748.4
SF-004,SF-004-INV-01,Inverter 01,2026-07-06,2581.3
SF-004,SF-004-INV-01,Inverter 01,2026-07-07,2843.2
SF-004,SF-004-INV-01,Inverter 01,2026-07-08,2701.8
SF-004,SF-004-INV-01,Inverter 01,2026-07-09,2601.8
SF-004,SF-004-INV-01,Inverter 01,2026-07-10,2951.0
SF-004,SF-004-INV-01,Inverter 01,2026-07-11,1919.8
SF-004,SF-004-INV-01,Inverter 01,2026-07-12,2816.9
SF-004,SF-004-INV-01,Inverter 01,2026-07-13,2438.5
SF-004,SF-004-INV-01,Inverter 01,2026-07-14,2493.3
SF-004,SF-004-INV-01,Inverter 01,2026-07-15,2908.7
SF-004,SF-004-INV-01,Inverter 01,2026-07-16,2763.6
SF-004,SF-004-INV-01,Inverter 01,2026-07-17,2728.6
SF-004,SF-004-INV-01,Inverter 01,2026-07-18,2796.4
SF-004,SF-004-INV-01,Inverter 01,2026-07-19,2728.3
SF-004,SF-004-INV-01,Inverter 01,2026-07-20,2898.2
SF-004,SF-004-INV-01,Inverter 01,2026-07-21,2622.3
SF-004,SF-004-INV-01,Inverter 01,2026-07-22,3096.7
SF-004,SF-004-INV-01,Inverter 01,2026-07-23,2747.1
SF-004,SF-004-INV-01,Inverter 01,2026-07-24,2955.3
SF-004,SF-004-INV-01,Inverter 01,2026-07-25,3016.1
SF-004,SF-004-INV-01,Inverter 01,2026-07-26,3065.6
SF-004,SF-004-INV-01,Inverter 01,2026-07-27,2796.8
SF-004,SF-004-INV-01,Inverter 01,2026-07-28,3078.4
SF-004,SF-004-INV-01,Inverter 01,2026-07-29,2777.9
SF-004,SF-004-INV-01,Inverter 01,2026-07-30,2870.9
SF-004,SF-004-INV-01,Inverter 01,2026-07-31,2884.3
SF-004,SF-004-INV-02,Inverter 02,2026-07-01,2839.7
SF-004,SF-004-INV-02,Inverter 02,2026-07-02,2730.7
SF-004,SF-004-INV-02,Inverter 02,2026-07-03,2519.6
SF-004,SF-004-INV-02,Inverter 02,2026-07-04,2685.9
SF-004,SF-004-INV-02,Inverter 02,2026-07-05,2799.6
SF-004,SF-004-INV-02,Inverter 02,2026-07-06,2590.9
SF-004,SF-004-INV-02,Inverter 02,2026-07-07,2835.2
SF-004,SF-004-INV-02,Inverter 02,2026-07-08,2712.1
SF-004,SF-004-INV-02,Inverter 02,2026-07-09,2617.0
SF-004,SF-004-INV-02,Inverter 02,2026-07-10,2948.3
SF-004,SF-004-INV-02,Inverter 02,2026-07-11,1926.7
SF-004,SF-004-INV-02,Inverter 02,2026-07-12,2843.9
SF-004,SF-004-INV-02,Inverter 02,2026-07-13,2430.8
SF-004,SF-004-INV-02,Inverter 02,2026-07-14,2515.7
SF-004,SF-004-INV-02,Inverter 02,2026-07-15,2918.0
SF-004,SF-004-INV-02,Inverter 02,2026-07-16,2781.8
SF-004,SF-004-INV-02,Inverter 02,2026-07-17,2724.7
SF-004,SF-004-INV-02,Inverter 02,2026-07-18,2812.0
SF-004,SF-004-INV-02,Inverter 02,2026-07-19,2750.2
SF-004,SF-004-INV-02,Inverter 02,2026-07-20,2922.2
SF-004,SF-004-INV-02,Inverter 02,2026-07-21,2628.2
SF-004,SF-004-INV-02,Inverter 02,2026-07-22,3136.1
SF-004,SF-004-INV-02,Inverter 02,2026-07-23,2751.8
SF-004,SF-004-INV-02,Inverter 02,2026-07-24,2960.3
SF-004,SF-004-INV-02,Inverter 02,2026-07-25,3024.0
SF-004,SF-004-INV-02,Inverter 02,2026-07-26,3075.6
SF-004,SF-004-INV-02,Inverter 02,2026-07-27,2817.3
SF-004,SF-004-INV-02,Inverter 02,2026-07-28,3099.9
SF-004,SF-004-INV-02,Inverter 02,2026-07-29,2771.6
SF-004,SF-004-INV-02,Inverter 02,2026-07-30,2887.8
SF-004,SF-004-INV-02,Inverter 02,2026-07-31,2872.6
SF-004,SF-004-INV-03,Inverter 03,2026-07-01,2977.8
SF-004,SF-004-INV-03,Inverter 03,2026-07-02,2844.0
SF-004,SF-004-INV-03,Inverter 03,2026-07-03,2638.3
SF-004,SF-004-INV-03,Inverter 03,2026-07-04,2858.2
SF-004,SF-004-INV-03,Inverter 03,2026-07-05,2926.7
SF-004,SF-004-INV-03,Inverter 03,2026-07-06,2706.8
SF-004,SF-004-INV-03,Inverter 03,2026-07-07,2995.6
SF-004,SF-004-INV-03,Inverter 03,2026-07-08,2868.4
SF-004,SF-004-INV-03,Inverter 03,2026-07-09,2769.7
SF-004,SF-004-INV-03,Inverter 03,2026-07-10,3087.4
SF-004,SF-004-INV-03,Inverter 03,2026-07-11,2023.7
SF-004,SF-004-INV-03,Inverter 03,2026-07-12,2954.2
SF-004,SF-004-INV-03,Inverter 03,2026-07-13,2567.0
SF-004,SF-004-INV-03,Inverter 03,2026-07-14,2612.5
SF-004,SF-004-INV-03,Inverter 03,2026-07-15,3054.8
SF-004,SF-004-INV-03,Inverter 03,2026-07-16,2915.1
SF-004,SF-004-INV-03,Inverter 03,2026-07-17,2867.6
SF-004,SF-004-INV-03,Inverter 03,2026-07-18,2965.0
SF-004,SF-004-INV-03,Inverter 03,2026-07-19,2908.7
SF-004,SF-004-INV-03,Inverter 03,2026-07-20,3033.6
SF-004,SF-004-INV-03,Inverter 03,2026-07-21,2776.4
SF-004,SF-004-INV-03,Inverter 03,2026-07-22,3263.5
SF-004,SF-004-INV-03,Inverter 03,2026-07-23,2881.6
SF-004,SF-004-INV-03,Inverter 03,2026-07-24,3105.2
SF-004,SF-004-INV-03,Inverter 03,2026-07-25,3165.6
SF-004,SF-004-INV-03,Inverter 03,2026-07-26,3230.1
SF-004,SF-004-INV-03,Inverter 03,2026-07-27,2942.8
SF-004,SF-004-INV-03,Inverter 03,2026-07-28,3242.2
SF-004,SF-004-INV-03,Inverter 03,2026-07-29,2895.8
SF-004,SF-004-INV-03,Inverter 03,2026-07-30,3033.3
SF-004,SF-004-INV-03,Inverter 03,2026-07-31,3026.4
SF-004,SF-004-INV-04,Inverter 04,2026-07-01,2838.5
SF-004,SF-004-INV-04,Inverter 04,2026-07-02,2731.0
SF-004,SF-004-INV-04,Inverter 04,2026-07-03,2527.2
SF-004,SF-004-INV-04,Inverter 04,2026-07-04,2699.5
SF-004,SF-004-INV-04,Inverter 04,2026-07-05,2783.6
SF-004,SF-004-INV-04,Inverter 04,2026-07-06,2589.7
SF-004,SF-004-INV-04,Inverter 04,2026-07-07,2822.9
SF-004,SF-004-INV-04,Inverter 04,2026-07-08,2701.6
SF-004,SF-004-INV-04,Inverter 04,2026-07-09,2610.8
SF-004,SF-004-INV-04,Inverter 04,2026-07-10,2963.9
SF-004,SF-004-INV-04,Inverter 04,2026-07-11,1923.9
SF-004,SF-004-INV-04,Inverter 04,2026-07-12,2809.7
SF-004,SF-004-INV-04,Inverter 04,2026-07-13,2457.4
SF-004,SF-004-INV-04,Inverter 04,2026-07-14,2501.1
SF-004,SF-004-INV-04,Inverter 04,2026-07-15,2900.4
SF-004,SF-004-INV-04,Inverter 04,2026-07-16,2767.1
SF-004,SF-004-INV-04,Inverter 04,2026-07-17,2736.0
SF-004,SF-004-INV-04,Inverter 04,2026-07-18,2823.1
SF-004,SF-004-INV-04,Inverter 04,2026-07-19,2735.8
SF-004,SF-004-INV-04,Inverter 04,2026-07-20,2897.3
SF-004,SF-004-INV-04,Inverter 04,2026-07-21,2635.9
SF-004,SF-004-INV-04,Inverter 04,2026-07-22,3097.2
SF-004,SF-004-INV-04,Inverter 04,2026-07-23,2732.0
SF-004,SF-004-INV-04,Inverter 04,2026-07-24,2963.0
SF-004,SF-004-INV-04,Inverter 04,2026-07-25,3019.6
SF-004,SF-004-INV-04,Inverter 04,2026-07-26,3064.0
SF-004,SF-004-INV-04,Inverter 04,2026-07-27,2788.6
SF-004,SF-004-INV-04,Inverter 04,2026-07-28,3089.4
SF-004,SF-004-INV-04,Inverter 04,2026-07-29,2753.0
SF-004,SF-004-INV-04,Inverter 04,2026-07-30,2874.9
SF-004,SF-004-INV-04,Inverter 04,2026-07-31,2893.9
SF-004,SF-004-INV-05,Inverter 05,2026-07-01,2784.1
SF-004,SF-004-INV-05,Inverter 05,2026-07-02,2664.5
SF-004,SF-004-INV-05,Inverter 05,2026-07-03,2461.6
SF-004,SF-004-INV-05,Inverter 05,2026-07-04,2652.5
SF-004,SF-004-INV-05,Inverter 05,2026-07-05,2707.6
SF-004,SF-004-INV-05,Inverter 05,2026-07-06,2544.6
SF-004,SF-004-INV-05,Inverter 05,2026-07-07,2764.7
SF-004,SF-004-INV-05,Inverter 05,2026-07-08,2658.3
SF-004,SF-004-INV-05,Inverter 05,2026-07-09,2556.4
SF-004,SF-004-INV-05,Inverter 05,2026-07-10,2878.9
SF-004,SF-004-INV-05,Inverter 05,2026-07-11,1897.1
SF-004,SF-004-INV-05,Inverter 05,2026-07-12,2776.6
SF-004,SF-004-INV-05,Inverter 05,2026-07-13,2392.9
SF-004,SF-004-INV-05,Inverter 05,2026-07-14,2442.8
SF-004,SF-004-INV-05,Inverter 05,2026-07-15,2869.2
SF-004,SF-004-INV-05,Inverter 05,2026-07-16,2710.5
SF-004,SF-004-INV-05,Inverter 05,2026-07-17,2647.8
SF-004,SF-004-INV-05,Inverter 05,2026-07-18,2759.8
SF-004,SF-004-INV-05,Inverter 05,2026-07-19,2701.5
SF-004,SF-004-INV-05,Inverter 05,2026-07-20,2851.3
SF-004,SF-004-INV-05,Inverter 05,2026-07-21,2573.5
SF-004,SF-004-INV-05,Inverter 05,2026-07-22,3064.9
SF-004,SF-004-INV-05,Inverter 05,2026-07-23,2683.7
SF-004,SF-004-INV-05,Inverter 05,2026-07-24,2908.2
SF-004,SF-004-INV-05,Inverter 05,2026-07-25,2959.9
SF-004,SF-004-INV-05,Inverter 05,2026-07-26,2991.0
SF-004,SF-004-INV-05,Inverter 05,2026-07-27,2732.8
SF-004,SF-004-INV-05,Inverter 05,2026-07-28,3047.0
SF-004,SF-004-INV-05,Inverter 05,2026-07-29,2701.7
SF-004,SF-004-INV-05,Inverter 05,2026-07-30,2829.4
SF-004,SF-004-INV-05,Inverter 05,2026-07-31,2829.0
SF-004,SF-004-INV-06,Inverter 06,2026-07-01,2897.4
SF-004,SF-004-INV-06,Inverter 06,2026-07-02,2790.2
SF-004,SF-004-INV-06,Inverter 06,2026-07-03,2582.1
SF-004,SF-004-INV-06,Inverter 06,2026-07-04,2771.2
SF-004,SF-004-INV-06,Inverter 06,2026-07-05,2837.4
SF-004,SF-004-INV-06,Inverter 06,2026-07-06,2657.5
SF-004,SF-004-INV-06,Inverter 06,2026-07-07,2888.0
SF-004,SF-004-INV-06,Inverter 06,2026-07-08,2786.9
SF-004,SF-004-INV-06,Inverter 06,2026-07-09,2674.0
SF-004,SF-004-INV-06,Inverter 06,2026-07-10,3000.2
SF-004,SF-004-INV-06,Inverter 06,2026-07-11,1963.1
SF-004,SF-004-INV-06,Inverter 06,2026-07-12,2867.1
SF-004,SF-004-INV-06,Inverter 06,2026-07-13,2516.6
SF-004,SF-004-INV-06,Inverter 06,2026-07-14,2544.5
SF-004,SF-004-INV-06,Inverter 06,2026-07-15,2989.1
SF-004,SF-004-INV-06,Inverter 06,2026-07-16,2839.3
SF-004,SF-004-INV-06,Inverter 06,2026-07-17,2805.0
SF-004,SF-004-INV-06,Inverter 06,2026-07-18,2889.6
SF-004,SF-004-INV-06,Inverter 06,2026-07-19,2796.9
SF-004,SF-004-INV-06,Inverter 06,2026-07-20,2968.9
SF-004,SF-004-INV-06,Inverter 06,2026-07-21,2687.2
SF-004,SF-004-INV-06,Inverter 06,2026-07-22,3168.1
SF-004,SF-004-INV-06,Inverter 06,2026-07-23,2792.4
SF-004,SF-004-INV-06,Inverter 06,2026-07-24,3023.2
SF-004,SF-004-INV-06,Inverter 06,2026-07-25,3089.1
SF-004,SF-004-INV-06,Inverter 06,2026-07-26,3129.1
SF-004,SF-004-INV-06,Inverter 06,2026-07-27,2874.7
SF-004,SF-004-INV-06,Inverter 06,2026-07-28,3149.3
SF-004,SF-004-INV-06,Inverter 06,2026-07-29,2829.5
SF-004,SF-004-INV-06,Inverter 06,2026-07-30,2944.2
SF-004,SF-004-INV-06,Inverter 06,2026-07-31,2918.4
SF-004,SF-004-INV-07,Inverter 07,2026-07-01,2877.4
SF-004,SF-004-INV-07,Inverter 07,2026-07-02,2729.4
SF-004,SF-004-INV-07,Inverter 07,2026-07-03,2523.4
SF-004,SF-004-INV-07,Inverter 07,2026-07-04,2724.2
SF-004,SF-004-INV-07,Inverter 07,2026-07-05,2758.6
SF-004,SF-004-INV-07,Inverter 07,2026-07-06,2623.6
SF-004,SF-004-INV-07,Inverter 07,2026-07-07,2839.9
SF-004,SF-004-INV-07,Inverter 07,2026-07-08,2742.2
SF-004,SF-004-INV-07,Inverter 07,2026-07-09,2638.1
SF-004,SF-004-INV-07,Inverter 07,2026-07-10,2968.8
SF-004,SF-004-INV-07,Inverter 07,2026-07-11,1943.5
SF-004,SF-004-INV-07,Inverter 07,2026-07-12,2838.5
SF-004,SF-004-INV-07,Inverter 07,2026-07-13,2453.1
SF-004,SF-004-INV-07,Inverter 07,2026-07-14,2504.0
SF-004,SF-004-INV-07,Inverter 07,2026-07-15,2941.2
SF-004,SF-004-INV-07,Inverter 07,2026-07-16,2816.7
SF-004,SF-004-INV-07,Inverter 07,2026-07-17,2754.1
SF-004,SF-004-INV-07,Inverter 07,2026-07-18,2834.5
SF-004,SF-004-INV-07,Inverter 07,2026-07-19,2758.0
SF-004,SF-004-INV-07,Inverter 07,2026-07-20,2925.7
SF-004,SF-004-INV-07,Inverter 07,2026-07-21,2656.7
SF-004,SF-004-INV-07,Inverter 07,2026-07-22,3130.9
SF-004,SF-004-INV-07,Inverter 07,2026-07-23,2739.7
SF-004,SF-004-INV-07,Inverter 07,2026-07-24,2983.7
SF-004,SF-004-INV-07,Inverter 07,2026-07-25,3040.3
SF-004,SF-004-INV-07,Inverter 07,2026-07-26,3098.8
SF-004,SF-004-INV-07,Inverter 07,2026-07-27,2815.9
SF-004,SF-004-INV-07,Inverter 07,2026-07-28,3107.0
SF-004,SF-004-INV-07,Inverter 07,2026-07-29,2796.4
SF-004,SF-004-INV-07,Inverter 07,2026-07-30,2909.9
SF-004,SF-004-INV-07,Inverter 07,2026-07-31,2856.7
SF-004,SF-004-INV-08,Inverter 08,2026-07-01,2760.9
SF-004,SF-004-INV-08,Inverter 08,2026-07-02,2634.1
SF-004,SF-004-INV-08,Inverter 08,2026-07-03,2418.2
SF-004,SF-004-INV-08,Inverter 08,2026-07-04,2623.3
SF-004,SF-004-INV-08,Inverter 08,2026-07-05,2696.7
SF-004,SF-004-INV-08,Inverter 08,2026-07-06,2517.6
SF-004,SF-004-INV-08,Inverter 08,2026-07-07,2752.0
SF-004,SF-004-INV-08,Inverter 08,2026-07-08,2616.1
SF-004,SF-004-INV-08,Inverter 08,2026-07-09,2549.4
SF-004,SF-004-INV-08,Inverter 08,2026-07-10,2862.3
SF-004,SF-004-INV-08,Inverter 08,2026-07-11,1865.5
SF-004,SF-004-INV-08,Inverter 08,2026-07-12,2744.9
SF-004,SF-004-INV-08,Inverter 08,2026-07-13,2360.9
SF-004,SF-004-INV-08,Inverter 08,2026-07-14,2416.6
SF-004,SF-004-INV-08,Inverter 08,2026-07-15,2845.5
SF-004,SF-004-INV-08,Inverter 08,2026-07-16,2695.0
SF-004,SF-004-INV-08,Inverter 08,2026-07-17,2663.0
SF-004,SF-004-INV-08,Inverter 08,2026-07-18,2750.2
SF-004,SF-004-INV-08,Inverter 08,2026-07-19,2686.8
SF-004,SF-004-INV-08,Inverter 08,2026-07-20,2804.8
SF-004,SF-004-INV-08,Inverter 08,2026-07-21,2546.0
SF-004,SF-004-INV-08,Inverter 08,2026-07-22,3035.5
SF-004,SF-004-INV-08,Inverter 08,2026-07-23,2631.6
SF-004,SF-004-INV-08,Inverter 08,2026-07-24,2874.5
SF-004,SF-004-INV-08,Inverter 08,2026-07-25,2973.6
SF-004,SF-004-INV-08,Inverter 08,2026-07-26,2995.9
SF-004,SF-004-INV-08,Inverter 08,2026-07-27,2716.1
SF-004,SF-004-INV-08,Inverter 08,2026-07-28,2990.1
SF-004,SF-004-INV-08,Inverter 08,2026-07-29,2703.7
SF-004,SF-004-INV-08,Inverter 08,2026-07-30,2794.3
SF-004,SF-004-INV-08,Inverter 08,2026-07-31,2798.4
SF-004,SF-004-INV-09,Inverter 09,2026-07-01,2980.5
SF-004,SF-004-INV-09,Inverter 09,2026-07-02,2854.5
SF-004,SF-004-INV-09,Inverter 09,2026-07-03,2641.3
SF-004,SF-004-INV-09,Inverter 09,2026-07-04,2839.1
SF-004,SF-004-INV-09,Inverter 09,2026-07-05,2899.0
SF-004,SF-004-INV-09,Inverter 09,2026-07-06,2708.7
SF-004,SF-004-INV-09,Inverter 09,2026-07-07,2968.5
SF-004,SF-004-INV-09,Inverter 09,2026-07-08,2849.7
SF-004,SF-004-INV-09,Inverter 09,2026-07-09,2750.0
SF-004,SF-004-INV-09,Inverter 09,2026-07-10,3079.4
SF-004,SF-004-INV-09,Inverter 09,2026-07-11,2020.9
SF-004,SF-004-INV-09,Inverter 09,2026-07-12,2962.6
SF-004,SF-004-INV-09,Inverter 09,2026-07-13,2552.8
SF-004,SF-004-INV-09,Inverter 09,2026-07-14,2606.1
SF-004,SF-004-INV-09,Inverter 09,2026-07-15,3045.2
SF-004,SF-004-INV-09,Inverter 09,2026-07-16,2923.4
SF-004,SF-004-INV-09,Inverter 09,2026-07-17,2852.7
SF-004,SF-004-INV-09,Inverter 09,2026-07-18,2939.9
SF-004,SF-004-INV-09,Inverter 09,2026-07-19,2859.8
SF-004,SF-004-INV-09,Inverter 09,2026-07-20,3029.4
SF-004,SF-004-INV-09,Inverter 09,2026-07-21,2772.1
SF-004,SF-004-INV-09,Inverter 09,2026-07-22,3238.2
SF-004,SF-004-INV-09,Inverter 09,2026-07-23,2862.1
SF-004,SF-004-INV-09,Inverter 09,2026-07-24,3091.7
SF-004,SF-004-INV-09,Inverter 09,2026-07-25,3152.0
SF-004,SF-004-INV-09,Inverter 09,2026-07-26,3201.1
SF-004,SF-004-INV-09,Inverter 09,2026-07-27,2948.9
SF-004,SF-004-INV-09,Inverter 09,2026-07-28,3226.1
SF-004,SF-004-INV-09,Inverter 09,2026-07-29,2898.4
SF-004,SF-004-INV-09,Inverter 09,2026-07-30,3017.9
SF-004,SF-004-INV-09,Inverter 09,2026-07-31,3008.4
SF-004,SF-004-INV-10,Inverter 10,2026-07-01,2855.8
SF-004,SF-004-INV-10,Inverter 10,2026-07-02,2705.1
SF-004,SF-004-INV-10,Inverter 10,2026-07-03,2521.0
SF-004,SF-004-INV-10,Inverter 10,2026-07-04,2692.0
SF-004,SF-004-INV-10,Inverter 10,2026-07-05,2789.0
SF-004,SF-004-INV-10,Inverter 10,2026-07-06,2582.7
SF-004,SF-004-INV-10,Inverter 10,2026-07-07,2813.4
SF-004,SF-004-INV-10,Inverter 10,2026-07-08,2713.5
SF-004,SF-004-INV-10,Inverter 10,2026-07-09,2613.8
SF-004,SF-004-INV-10,Inverter 10,2026-07-10,2939.4
SF-004,SF-004-INV-10,Inverter 10,2026-07-11,1919.5
SF-004,SF-004-INV-10,Inverter 10,2026-07-12,2817.9
SF-004,SF-004-INV-10,Inverter 10,2026-07-13,2449.4
SF-004,SF-004-INV-10,Inverter 10,2026-07-14,2504.5
SF-004,SF-004-INV-10,Inverter 10,2026-07-15,2928.6
SF-004,SF-004-INV-10,Inverter 10,2026-07-16,2775.6
SF-004,SF-004-INV-10,Inverter 10,2026-07-17,2739.8
SF-004,SF-004-INV-10,Inverter 10,2026-07-18,2821.7
SF-004,SF-004-INV-10,Inverter 10,2026-07-19,2735.3
SF-004,SF-004-INV-10,Inverter 10,2026-07-20,2894.9
SF-004,SF-004-INV-10,Inverter 10,2026-07-21,2613.3
SF-004,SF-004-INV-10,Inverter 10,2026-07-22,3124.0
SF-004,SF-004-INV-10,Inverter 10,2026-07-23,2743.2
SF-004,SF-004-INV-10,Inverter 10,2026-07-24,2973.4
SF-004,SF-004-INV-10,Inverter 10,2026-07-25,3024.0
SF-004,SF-004-INV-10,Inverter 10,2026-07-26,3079.5
SF-004,SF-004-INV-10,Inverter 10,2026-07-27,2816.3
SF-004,SF-004-INV-10,Inverter 10,2026-07-28,3085.7
SF-004,SF-004-INV-10,Inverter 10,2026-07-29,2753.3
SF-004,SF-004-INV-10,Inverter 10,2026-07-30,2867.5
SF-004,SF-004-INV-10,Inverter 10,2026-07-31,2872.4
SF-005,SF-005-INV-01,Inverter 01,2026-07-01,2072.7
SF-005,SF-005-INV-01,Inverter 01,2026-07-02,2159.3
SF-005,SF-005-INV-01,Inverter 01,2026-07-03,2125.6
SF-005,SF-005-INV-01,Inverter 01,2026-07-04,2128.6
SF-005,SF-005-INV-01,Inverter 01,2026-07-05,2104.8
SF-005,SF-005-INV-01,Inverter 01,2026-07-06,2085.8
SF-005,SF-005-INV-01,Inverter 01,2026-07-07,2248.9
SF-005,SF-005-INV-01,Inverter 01,2026-07-08,2154.7
SF-005,SF-005-INV-01,Inverter 01,2026-07-09,2041.3
SF-005,SF-005-INV-01,Inverter 01,2026-07-10,2274.3
SF-005,SF-005-INV-01,Inverter 01,2026-07-11,2224.9
SF-005,SF-005-INV-01,Inverter 01,2026-07-12,2385.3
SF-005,SF-005-INV-01,Inverter 01,2026-07-13,2452.0
SF-005,SF-005-INV-01,Inverter 01,2026-07-14,2207.5
SF-005,SF-005-INV-01,Inverter 01,2026-07-15,1624.6
SF-005,SF-005-INV-01,Inverter 01,2026-07-16,2194.3
SF-005,SF-005-INV-01,Inverter 01,2026-07-17,2372.5
SF-005,SF-005-INV-01,Inverter 01,2026-07-18,2179.7
SF-005,SF-005-INV-01,Inverter 01,2026-07-19,2119.0
SF-005,SF-005-INV-01,Inverter 01,2026-07-20,1601.2
SF-005,SF-005-INV-01,Inverter 01,2026-07-21,2411.2
SF-005,SF-005-INV-01,Inverter 01,2026-07-22,2219.7
SF-005,SF-005-INV-01,Inverter 01,2026-07-23,2294.4
SF-005,SF-005-INV-01,Inverter 01,2026-07-24,2164.0
SF-005,SF-005-INV-01,Inverter 01,2026-07-25,2352.6
SF-005,SF-005-INV-01,Inverter 01,2026-07-26,2353.2
SF-005,SF-005-INV-01,Inverter 01,2026-07-27,2329.6
SF-005,SF-005-INV-01,Inverter 01,2026-07-28,2510.5
SF-005,SF-005-INV-01,Inverter 01,2026-07-29,2242.0
SF-005,SF-005-INV-01,Inverter 01,2026-07-30,2156.1
SF-005,SF-005-INV-01,Inverter 01,2026-07-31,2300.4
SF-005,SF-005-INV-02,Inverter 02,2026-07-01,2027.3
SF-005,SF-005-INV-02,Inverter 02,2026-07-02,2116.9
SF-005,SF-005-INV-02,Inverter 02,2026-07-03,2069.2
SF-005,SF-005-INV-02,Inverter 02,2026-07-04,2083.1
SF-005,SF-005-INV-02,Inverter 02,2026-07-05,2057.0
SF-005,SF-005-INV-02,Inverter 02,2026-07-06,2044.1
SF-005,SF-005-INV-02,Inverter 02,2026-07-07,2202.6
SF-005,SF-005-INV-02,Inverter 02,2026-07-08,2103.8
SF-005,SF-005-INV-02,Inverter 02,2026-07-09,2012.3
SF-005,SF-005-INV-02,Inverter 02,2026-07-10,2225.8
SF-005,SF-005-INV-02,Inverter 02,2026-07-11,2176.0
SF-005,SF-005-INV-02,Inverter 02,2026-07-12,2329.7
SF-005,SF-005-INV-02,Inverter 02,2026-07-13,2399.0
SF-005,SF-005-INV-02,Inverter 02,2026-07-14,2164.5
SF-005,SF-005-INV-02,Inverter 02,2026-07-15,1602.8
SF-005,SF-005-INV-02,Inverter 02,2026-07-16,2164.3
SF-005,SF-005-INV-02,Inverter 02,2026-07-17,2340.6
SF-005,SF-005-INV-02,Inverter 02,2026-07-18,2142.6
SF-005,SF-005-INV-02,Inverter 02,2026-07-19,2075.1
SF-005,SF-005-INV-02,Inverter 02,2026-07-20,1558.1
SF-005,SF-005-INV-02,Inverter 02,2026-07-21,2340.0
SF-005,SF-005-INV-02,Inverter 02,2026-07-22,2180.8
SF-005,SF-005-INV-02,Inverter 02,2026-07-23,2247.4
SF-005,SF-005-INV-02,Inverter 02,2026-07-24,2117.2
SF-005,SF-005-INV-02,Inverter 02,2026-07-25,2292.7
SF-005,SF-005-INV-02,Inverter 02,2026-07-26,2304.3
SF-005,SF-005-INV-02,Inverter 02,2026-07-27,2266.2
SF-005,SF-005-INV-02,Inverter 02,2026-07-28,2455.8
SF-005,SF-005-INV-02,Inverter 02,2026-07-29,2184.0
SF-005,SF-005-INV-02,Inverter 02,2026-07-30,2107.5
SF-005,SF-005-INV-02,Inverter 02,2026-07-31,2244.6
